regime	mech	metric	opt	driver	arm	seed	acc	forget	probe	g_h0	g_h1	g_out	msd	n_miss	backbone_params	extra_params	param_ratio	buffer_bytes	fwd_train	bwd_train	fwd_infer	bwd_infer
normal	gain	classil	adam	er	base	42	0.897549	0.097203	nan	0.000000	0.000000	0.000000	0.000000	0.000000	478410.000000	0.000000	0.000000	3144000.000000	1.000000	1.000000	1.000000	0.000000
normal	plast	taskil	sgd	er	base	42	0.994133	0.003065	nan	0.000000	0.000000	0.000000	0.000000	0.000000	478410.000000	0.000000	0.000000	3144000.000000	2.000000	2.000000	1.000000	0.000000
normal	wdecay	classil	sgd	er	base	42	0.903365	0.080919	nan	0.000000	0.000000	0.000000	0.000000	0.000000	478410.000000	0.000000	0.000000	3144000.000000	1.000000	1.000000	1.000000	0.000000
normal	gain	classil	adam	state01	dead	42	0.897549	0.097203	0.587900	0.000000	0.000000	0.000000	0.032208	0.000000	478410.000000	4860.000000	0.010200	3144000.000000	2.000000	1.000000	2.000000	0.000000
normal	gain	taskil	adam	er	base	42	0.995213	0.003090	nan	0.000000	0.000000	0.000000	0.000000	0.000000	478410.000000	0.000000	0.000000	3144000.000000	1.000000	1.000000	1.000000	0.000000
normal	gain	taskil	adam	state01	dead	42	0.995213	0.003090	0.479500	0.000000	0.000000	0.000000	0.026777	0.000000	478410.000000	4860.000000	0.010200	3144000.000000	2.000000	1.000000	2.000000	0.000000
normal	slope	classil	adam	er	base	42	0.897549	0.097203	nan	0.000000	0.000000	0.000000	0.000000	0.000000	478410.000000	0.000000	0.000000	3144000.000000	1.000000	1.000000	1.000000	0.000000
normal	slope	classil	adam	state01	dead	42	0.897549	0.097203	0.587900	0.000000	0.000000	0.000000	0.032208	0.000000	478410.000000	12.000000	0.000000	3144000.000000	2.000000	1.000000	2.000000	0.000000
normal	temp	classil	adam	er	base	42	0.897549	0.097203	nan	0.000000	0.000000	0.000000	0.000000	0.000000	478410.000000	0.000000	0.000000	3144000.000000	1.000000	1.000000	1.000000	0.000000
normal	temp	classil	adam	state01	dead	42	0.897549	0.097203	0.587900	0.000000	0.000000	0.000000	0.032208	0.000000	478410.000000	6.000000	0.000000	3144000.000000	2.000000	1.000000	2.000000	0.000000
normal	plast	taskil	sgd	state01	dead	42	0.994133	0.003065	0.429400	0.000000	0.000000	0.000000	0.023849	0.000000	478410.000000	4860.000000	0.010200	3144000.000000	3.000000	2.000000	1.000000	0.000000
normal	selplast	taskil	sgd	naive	base	42	0.980695	0.004338	nan	0.000000	0.000000	0.000000	0.000000	0.000000	478410.000000	0.000000	0.000000	0.000000	2.000000	2.000000	1.000000	0.000000
normal	selplast	taskil	sgd	state01	dead	42	0.977349	0.003357	0.432800	0.500000	0.477500	0.600000	0.022234	0.000000	478410.000000	4860.000000	0.010200	3144000.000000	3.000000	2.000000	1.000000	0.000000
normal	lossmod	classil	adam	er	base	42	0.897549	0.097203	nan	0.000000	0.000000	0.000000	0.000000	0.000000	478410.000000	0.000000	0.000000	3144000.000000	1.000000	1.000000	1.000000	0.000000
normal	lossmod	classil	adam	state01	dead	42	0.897841	0.097113	0.602100	0.000000	0.000000	0.000000	0.032431	0.000000	478410.000000	30.000000	0.000100	3144000.000000	2.000000	1.000000	1.000000	0.000000
normal	wdecay	classil	sgd	state01	dead	42	0.903365	0.080919	0.488400	0.000000	0.000000	0.000000	0.025596	0.000000	478410.000000	4860.000000	0.010200	3144000.000000	2.000000	1.000000	1.000000	0.000000
normal	gain	classil	adam	act_frac	live	42	0.895695	0.099265	0.442400	0.045469	0.048808	0.066012	0.029277	0.000000	478410.000000	1620.000000	0.003400	3144000.000000	2.000000	1.000000	2.000000	0.000000
normal	gain	classil	adam	act_norm	live	42	0.893000	0.101234	0.407500	0.231096	0.213933	0.352324	0.188266	0.000000	478410.000000	1620.000000	0.003400	3144000.000000	2.000000	1.000000	2.000000	0.000000
normal	gain	classil	adam	act_entropy	live	42	0.904488	0.090270	0.489200	0.120805	0.123469	0.191724	0.025286	0.000000	478410.000000	1620.000000	0.003400	3144000.000000	2.000000	1.000000	2.000000	0.000000
normal	gain	classil	adam	act_pr	live	42	0.897205	0.097536	0.483700	0.028218	0.032815	0.040324	0.020664	0.000000	478410.000000	1620.000000	0.003400	3144000.000000	2.000000	1.000000	2.000000	0.000000
normal	gain	classil	adam	w_fro	live	42	0.901349	0.093216	0.211500	0.015224	0.017508	0.029210	0.000000	0.000000	478410.000000	2430.000000	0.005100	3144000.000000	1.000000	1.000000	1.000000	0.000000
normal	gain	classil	adam	w_l1	live	42	0.895896	0.098359	0.211500	0.012287	0.013365	0.021142	0.000000	0.000000	478410.000000	2430.000000	0.005100	3144000.000000	1.000000	1.000000	1.000000	0.000000
normal	gain	classil	adam	w_absmean	live	42	0.895097	0.099445	0.211500	0.012505	0.014325	0.021894	0.000000	0.000000	478410.000000	2430.000000	0.005100	3144000.000000	1.000000	1.000000	1.000000	0.000000
normal	gain	classil	adam	w_absmax	live	42	0.888871	0.105686	0.211500	0.089001	0.093722	0.154794	0.000000	0.000000	478410.000000	2430.000000	0.005100	3144000.000000	1.000000	1.000000	1.000000	0.000000
normal	gain	classil	adam	grad_norm	live	42	0.900340	0.094006	0.211500	0.000000	0.000000	0.000000	0.000000	161.000000	478410.000000	810.000000	0.001700	3144000.000000	1.000000	1.000000	1.000000	0.000000
normal	gain	classil	adam	grad_norm_layer	live	42	0.900102	0.094638	0.211500	0.000000	0.000000	0.000000	0.000000	161.000000	478410.000000	2430.000000	0.005100	3144000.000000	1.000000	1.000000	1.000000	0.000000
normal	gain	classil	adam	grad_weight_ratio	live	42	0.092671	0.505102	0.211500	nan	nan	nan	0.000000	161.000000	478410.000000	2430.000000	0.005100	3144000.000000	1.000000	1.000000	1.000000	0.000000
normal	gain	classil	adam	step_norm	live	42	0.904151	0.089392	0.211500	0.000000	0.000000	0.000000	0.000000	1.000000	478410.000000	2430.000000	0.005100	3144000.000000	1.000000	1.000000	1.000000	0.000000
normal	gain	classil	adam	state01	live	42	0.898186	0.097299	0.625800	0.158965	0.182988	0.230489	0.026466	0.000000	478410.000000	4860.000000	0.010200	3144000.000000	2.000000	1.000000	2.000000	0.000000
normal	gain	taskil	adam	act_frac	live	42	0.995405	0.002999	0.428500	0.054732	0.052014	0.065691	0.031432	0.000000	478410.000000	1620.000000	0.003400	3144000.000000	2.000000	1.000000	2.000000	0.000000
normal	gain	taskil	adam	act_norm	live	42	0.994204	0.004395	0.292900	0.197251	0.192541	0.194942	0.313699	0.000000	478410.000000	1620.000000	0.003400	3144000.000000	2.000000	1.000000	2.000000	0.000000
normal	gain	taskil	adam	act_entropy	live	42	0.994313	0.004183	0.398400	0.104561	0.102919	0.110435	0.018457	0.000000	478410.000000	1620.000000	0.003400	3144000.000000	2.000000	1.000000	2.000000	0.000000
normal	gain	taskil	adam	act_pr	live	42	0.995627	0.002776	0.380500	0.036571	0.034045	0.051528	0.027671	0.000000	478410.000000	1620.000000	0.003400	3144000.000000	2.000000	1.000000	2.000000	0.000000
normal	gain	taskil	adam	w_fro	live	42	0.994293	0.003707	0.211500	0.008608	0.009320	0.013691	0.000000	0.000000	478410.000000	2430.000000	0.005100	3144000.000000	1.000000	1.000000	1.000000	0.000000
normal	gain	taskil	adam	w_l1	live	42	0.994803	0.003500	0.211500	0.007090	0.007835	0.011529	0.000000	0.000000	478410.000000	2430.000000	0.005100	3144000.000000	1.000000	1.000000	1.000000	0.000000
normal	gain	taskil	adam	w_absmean	live	42	0.995793	0.002510	0.211500	0.007533	0.007786	0.013541	0.000000	0.000000	478410.000000	2430.000000	0.005100	3144000.000000	1.000000	1.000000	1.000000	0.000000
normal	gain	taskil	adam	w_absmax	live	42	0.995688	0.002915	0.211500	0.054693	0.052462	0.080291	0.000000	0.000000	478410.000000	2430.000000	0.005100	3144000.000000	1.000000	1.000000	1.000000	0.000000
normal	gain	taskil	adam	grad_norm	live	42	0.994619	0.003476	0.211500	0.000000	0.000000	0.000000	0.000000	161.000000	478410.000000	810.000000	0.001700	3144000.000000	1.000000	1.000000	1.000000	0.000000
normal	gain	taskil	adam	grad_norm_layer	live	42	0.995192	0.003307	0.211500	0.000000	0.000000	0.000000	0.000000	161.000000	478410.000000	2430.000000	0.005100	3144000.000000	1.000000	1.000000	1.000000	0.000000
normal	gain	taskil	adam	grad_weight_ratio	live	42	0.994005	0.004100	0.211500	0.000000	0.000000	0.000000	0.000000	161.000000	478410.000000	2430.000000	0.005100	3144000.000000	1.000000	1.000000	1.000000	0.000000
normal	gain	taskil	adam	step_norm	live	42	0.995287	0.002821	0.211500	0.000000	0.000000	0.000000	0.000000	1.000000	478410.000000	2430.000000	0.005100	3144000.000000	1.000000	1.000000	1.000000	0.000000
normal	gain	taskil	adam	state01	live	42	0.995195	0.003111	0.448700	0.169803	0.150361	0.153149	0.023895	0.000000	478410.000000	4860.000000	0.010200	3144000.000000	2.000000	1.000000	2.000000	0.000000
normal	slope	classil	adam	act_frac	live	42	0.900908	0.093838	0.461300	0.033149	0.033544	0.000000	0.035294	0.000000	478410.000000	4.000000	0.000000	3144000.000000	2.000000	1.000000	2.000000	0.000000
normal	slope	classil	adam	act_norm	live	42	0.900019	0.094731	0.328600	0.072928	0.075662	0.000000	0.302791	0.000000	478410.000000	4.000000	0.000000	3144000.000000	2.000000	1.000000	2.000000	0.000000
normal	slope	classil	adam	act_entropy	live	42	0.898728	0.095612	0.460100	0.038874	0.040003	0.000000	0.025339	0.000000	478410.000000	4.000000	0.000000	3144000.000000	2.000000	1.000000	2.000000	0.000000
normal	slope	classil	adam	act_pr	live	42	0.894874	0.098947	0.356100	0.020425	0.020605	0.000000	0.028162	0.000000	478410.000000	4.000000	0.000000	3144000.000000	2.000000	1.000000	2.000000	0.000000
normal	slope	classil	adam	w_fro	live	42	0.896345	0.098407	0.211500	0.000341	0.000211	0.000000	0.000000	0.000000	478410.000000	6.000000	0.000000	3144000.000000	1.000000	1.000000	1.000000	0.000000
normal	slope	classil	adam	w_l1	live	42	0.899718	0.094328	0.211500	0.001523	0.001612	0.000000	0.000000	0.000000	478410.000000	6.000000	0.000000	3144000.000000	1.000000	1.000000	1.000000	0.000000
normal	slope	classil	adam	w_absmean	live	42	0.898891	0.094848	0.211500	0.000912	0.001001	0.000000	0.000000	0.000000	478410.000000	6.000000	0.000000	3144000.000000	1.000000	1.000000	1.000000	0.000000
normal	slope	classil	adam	w_absmax	live	42	0.895457	0.098786	0.211500	0.007979	0.007218	0.000000	0.000000	0.000000	478410.000000	6.000000	0.000000	3144000.000000	1.000000	1.000000	1.000000	0.000000
normal	slope	classil	adam	grad_norm	live	42	0.897105	0.097950	0.211500	0.000000	0.000000	0.000000	0.000000	161.000000	478410.000000	2.000000	0.000000	3144000.000000	1.000000	1.000000	1.000000	0.000000
normal	slope	classil	adam	grad_norm_layer	live	42	0.892056	0.102794	0.211500	0.000000	0.000000	0.000000	0.000000	161.000000	478410.000000	6.000000	0.000000	3144000.000000	1.000000	1.000000	1.000000	0.000000
normal	slope	classil	adam	grad_weight_ratio	live	42	0.896423	0.098329	0.211500	0.000000	0.000000	0.000000	0.000000	161.000000	478410.000000	6.000000	0.000000	3144000.000000	1.000000	1.000000	1.000000	0.000000
normal	slope	classil	adam	step_norm	live	42	0.894729	0.099632	0.211500	0.000000	0.000000	0.000000	0.000000	1.000000	478410.000000	6.000000	0.000000	3144000.000000	1.000000	1.000000	1.000000	0.000000
normal	slope	classil	adam	state01	live	42	0.896812	0.097336	0.667900	0.086191	0.087617	0.000000	0.026898	0.000000	478410.000000	12.000000	0.000000	3144000.000000	2.000000	1.000000	2.000000	0.000000
normal	temp	classil	adam	act_frac	live	42	0.901190	0.092765	0.467000	0.000000	0.000000	0.027349	0.031294	0.000000	478410.000000	2.000000	0.000000	3144000.000000	2.000000	1.000000	2.000000	0.000000
normal	temp	classil	adam	act_norm	live	42	0.898791	0.096463	0.289200	0.000000	0.000000	0.081602	0.232818	0.000000	478410.000000	2.000000	0.000000	3144000.000000	2.000000	1.000000	2.000000	0.000000
normal	temp	classil	adam	act_entropy	live	42	0.899397	0.095569	0.487600	0.000000	0.000000	0.035926	0.023581	0.000000	478410.000000	2.000000	0.000000	3144000.000000	2.000000	1.000000	2.000000	0.000000
normal	temp	classil	adam	act_pr	live	42	0.898483	0.096466	0.537900	0.000000	0.000000	0.019211	0.027611	0.000000	478410.000000	2.000000	0.000000	3144000.000000	2.000000	1.000000	2.000000	0.000000
normal	temp	classil	adam	w_fro	live	42	0.897550	0.097407	0.211500	0.000000	0.000000	0.000891	0.000000	0.000000	478410.000000	3.000000	0.000000	3144000.000000	1.000000	1.000000	1.000000	0.000000
normal	temp	classil	adam	w_l1	live	42	0.900170	0.094695	0.211500	0.000000	0.000000	0.000205	0.000000	0.000000	478410.000000	3.000000	0.000000	3144000.000000	1.000000	1.000000	1.000000	0.000000
normal	temp	classil	adam	w_absmean	live	42	0.898743	0.096021	0.211500	0.000000	0.000000	0.000438	0.000000	0.000000	478410.000000	3.000000	0.000000	3144000.000000	1.000000	1.000000	1.000000	0.000000
normal	temp	classil	adam	w_absmax	live	42	0.901113	0.093548	0.211500	0.000000	0.000000	0.003541	0.000000	0.000000	478410.000000	3.000000	0.000000	3144000.000000	1.000000	1.000000	1.000000	0.000000
normal	temp	classil	adam	grad_norm	live	42	0.901082	0.094068	0.211500	0.000000	0.000000	0.000000	0.000000	161.000000	478410.000000	1.000000	0.000000	3144000.000000	1.000000	1.000000	1.000000	0.000000
normal	temp	classil	adam	grad_norm_layer	live	42	0.898243	0.096527	0.211500	0.000000	0.000000	0.000000	0.000000	161.000000	478410.000000	3.000000	0.000000	3144000.000000	1.000000	1.000000	1.000000	0.000000
normal	temp	classil	adam	grad_weight_ratio	live	42	0.897612	0.097271	0.211500	0.000000	0.000000	0.000000	0.000000	161.000000	478410.000000	3.000000	0.000000	3144000.000000	1.000000	1.000000	1.000000	0.000000
normal	temp	classil	adam	step_norm	live	42	0.899205	0.095071	0.211500	0.000000	0.000000	0.000000	0.000000	1.000000	478410.000000	3.000000	0.000000	3144000.000000	1.000000	1.000000	1.000000	0.000000
normal	temp	classil	adam	state01	live	42	0.904508	0.091054	0.613000	0.000000	0.000000	0.089823	0.024819	0.000000	478410.000000	6.000000	0.000000	3144000.000000	2.000000	1.000000	2.000000	0.000000
normal	plast	taskil	sgd	act_frac	live	42	0.994003	0.003702	0.349700	4.456230	0.470988	0.112353	0.034407	0.000000	478410.000000	1620.000000	0.003400	3144000.000000	3.000000	2.000000	1.000000	0.000000
normal	plast	taskil	sgd	act_norm	live	42	0.092671	0.506344	0.211500	nan	nan	nan	0.000000	0.000000	478410.000000	1620.000000	0.003400	3144000.000000	3.000000	2.000000	1.000000	0.000000
normal	plast	taskil	sgd	act_entropy	live	42	0.994125	0.003980	0.371800	7.479007	0.754149	0.189989	0.017033	0.000000	478410.000000	1620.000000	0.003400	3144000.000000	3.000000	2.000000	1.000000	0.000000
normal	plast	taskil	sgd	act_pr	live	42	0.993412	0.003690	0.359400	2.430111	0.295049	0.062992	0.030929	0.000000	478410.000000	1620.000000	0.003400	3144000.000000	3.000000	2.000000	1.000000	0.000000
normal	plast	taskil	sgd	w_fro	live	42	0.994231	0.003067	0.211500	0.362500	0.085077	0.017206	0.000000	0.000000	478410.000000	2430.000000	0.005100	3144000.000000	2.000000	2.000000	1.000000	0.000000
normal	plast	taskil	sgd	w_l1	live	42	0.993824	0.003174	0.211500	0.288484	0.069222	0.014480	0.000000	0.000000	478410.000000	2430.000000	0.005100	3144000.000000	2.000000	2.000000	1.000000	0.000000
normal	plast	taskil	sgd	w_absmean	live	42	0.994326	0.002774	0.211500	0.288497	0.068941	0.014416	0.000000	0.000000	478410.000000	2430.000000	0.005100	3144000.000000	2.000000	2.000000	1.000000	0.000000
normal	plast	taskil	sgd	w_absmax	live	42	0.993539	0.003560	0.211500	2.664778	0.337035	0.068943	0.000000	0.000000	478410.000000	2430.000000	0.005100	3144000.000000	2.000000	2.000000	1.000000	0.000000
normal	plast	taskil	sgd	grad_norm	live	42	0.994231	0.002967	0.211500	0.000000	0.000000	0.000000	0.000000	160.000000	478410.000000	810.000000	0.001700	3144000.000000	2.000000	2.000000	1.000000	0.000000
normal	plast	taskil	sgd	grad_norm_layer	live	42	0.994231	0.002970	0.211500	0.000000	0.000000	0.000000	0.000000	160.000000	478410.000000	2430.000000	0.005100	3144000.000000	2.000000	2.000000	1.000000	0.000000
normal	plast	taskil	sgd	grad_weight_ratio	live	42	0.092671	0.705538	0.211500	nan	nan	nan	0.000000	160.000000	478410.000000	2430.000000	0.005100	3144000.000000	2.000000	2.000000	1.000000	0.000000
normal	plast	taskil	sgd	step_norm	live	42	0.994240	0.003059	0.211500	0.000006	0.000001	0.000001	0.000000	1.000000	478410.000000	2430.000000	0.005100	3144000.000000	2.000000	2.000000	1.000000	0.000000
normal	plast	taskil	sgd	state01	live	42	0.992178	0.005527	0.493400	16.496739	4.425822	0.329864	0.035113	0.000000	478410.000000	4860.000000	0.010200	3144000.000000	3.000000	2.000000	1.000000	0.000000
normal	selplast	taskil	sgd	act_frac	live	42	0.981666	0.003293	0.398600	0.025000	0.025000	0.100000	0.027880	0.000000	478410.000000	1620.000000	0.003400	3144000.000000	3.000000	2.000000	1.000000	0.000000
normal	selplast	taskil	sgd	act_norm	live	42	0.981568	0.003284	0.355100	0.025000	0.025000	0.100000	0.160514	0.000000	478410.000000	1620.000000	0.003400	3144000.000000	3.000000	2.000000	1.000000	0.000000
normal	selplast	taskil	sgd	act_entropy	live	42	0.981479	0.003569	0.433900	0.025000	0.020299	0.100000	0.010712	0.000000	478410.000000	1620.000000	0.003400	3144000.000000	3.000000	2.000000	1.000000	0.000000
normal	selplast	taskil	sgd	act_pr	live	42	0.982262	0.002483	0.467500	0.025000	0.032500	0.100000	0.031356	0.000000	478410.000000	1620.000000	0.003400	3144000.000000	3.000000	2.000000	1.000000	0.000000
normal	selplast	taskil	sgd	w_fro	live	42	0.979294	0.002361	0.211500	0.292500	0.302500	0.600000	0.000000	0.000000	478410.000000	2430.000000	0.005100	3144000.000000	2.000000	2.000000	1.000000	0.000000
normal	selplast	taskil	sgd	w_l1	live	42	0.979384	0.002272	0.211500	0.322500	0.340000	0.600000	0.000000	0.000000	478410.000000	2430.000000	0.005100	3144000.000000	2.000000	2.000000	1.000000	0.000000
normal	selplast	taskil	sgd	w_absmean	live	42	0.979384	0.002272	0.211500	0.322500	0.340000	0.600000	0.000000	0.000000	478410.000000	2430.000000	0.005100	3144000.000000	2.000000	2.000000	1.000000	0.000000
normal	selplast	taskil	sgd	w_absmax	live	42	0.981673	0.002554	0.211500	0.042500	0.057500	0.300000	0.000000	0.000000	478410.000000	2430.000000	0.005100	3144000.000000	2.000000	2.000000	1.000000	0.000000
normal	selplast	taskil	sgd	grad_norm	live	42	0.977447	0.003259	0.211500	0.500000	0.477500	0.600000	0.000000	160.000000	478410.000000	810.000000	0.001700	3144000.000000	2.000000	2.000000	1.000000	0.000000
normal	selplast	taskil	sgd	grad_norm_layer	live	42	0.977536	0.003384	0.211500	0.500000	0.477500	0.600000	0.000000	160.000000	478410.000000	2430.000000	0.005100	3144000.000000	2.000000	2.000000	1.000000	0.000000
normal	selplast	taskil	sgd	grad_weight_ratio	live	42	0.981249	0.002364	0.211500	0.500000	0.477500	0.600000	0.000000	160.000000	478410.000000	2430.000000	0.005100	3144000.000000	2.000000	2.000000	1.000000	0.000000
normal	selplast	taskil	sgd	step_norm	live	42	0.977741	0.003179	0.211500	0.500000	0.477469	0.600000	0.000000	1.000000	478410.000000	2430.000000	0.005100	3144000.000000	2.000000	2.000000	1.000000	0.000000
normal	selplast	taskil	sgd	state01	live	42	0.980882	0.004165	0.460300	0.025000	0.020000	0.100000	0.024083	0.000000	478410.000000	4860.000000	0.010200	3144000.000000	3.000000	2.000000	1.000000	0.000000
normal	lossmod	classil	adam	act_frac	live	42	0.897570	0.097179	0.456400	0.000000	0.000000	0.003484	0.036328	0.000000	478410.000000	10.000000	0.000000	3144000.000000	2.000000	1.000000	1.000000	0.000000
normal	lossmod	classil	adam	act_norm	live	42	0.894849	0.099799	0.395200	0.000000	0.000000	0.018152	0.249679	0.000000	478410.000000	10.000000	0.000000	3144000.000000	2.000000	1.000000	1.000000	0.000000
normal	lossmod	classil	adam	act_entropy	live	42	0.898587	0.096168	0.475400	0.000000	0.000000	0.006721	0.025747	0.000000	478410.000000	10.000000	0.000000	3144000.000000	2.000000	1.000000	1.000000	0.000000
normal	lossmod	classil	adam	act_pr	live	42	0.894624	0.099945	0.523500	0.000000	0.000000	0.001971	0.028065	0.000000	478410.000000	10.000000	0.000000	3144000.000000	2.000000	1.000000	1.000000	0.000000
normal	lossmod	classil	adam	w_fro	live	42	0.900920	0.094035	0.211500	0.000000	0.000000	0.000839	0.000000	0.000000	478410.000000	15.000000	0.000000	3144000.000000	1.000000	1.000000	1.000000	0.000000
normal	lossmod	classil	adam	w_l1	live	42	0.899928	0.095133	0.211500	0.000000	0.000000	0.000510	0.000000	0.000000	478410.000000	15.000000	0.000000	3144000.000000	1.000000	1.000000	1.000000	0.000000
normal	lossmod	classil	adam	w_absmean	live	42	0.901521	0.093030	0.211500	0.000000	0.000000	0.000493	0.000000	0.000000	478410.000000	15.000000	0.000000	3144000.000000	1.000000	1.000000	1.000000	0.000000
normal	lossmod	classil	adam	w_absmax	live	42	0.894748	0.099589	0.211500	0.000000	0.000000	0.005006	0.000000	0.000000	478410.000000	15.000000	0.000000	3144000.000000	1.000000	1.000000	1.000000	0.000000
normal	lossmod	classil	adam	grad_norm	live	42	0.898012	0.096320	0.211500	0.000000	0.000000	0.000000	0.000000	161.000000	478410.000000	5.000000	0.000000	3144000.000000	1.000000	1.000000	1.000000	0.000000
normal	lossmod	classil	adam	grad_norm_layer	live	42	0.896731	0.097701	0.211500	0.000000	0.000000	0.000000	0.000000	161.000000	478410.000000	15.000000	0.000000	3144000.000000	1.000000	1.000000	1.000000	0.000000
normal	lossmod	classil	adam	grad_weight_ratio	live	42	0.895659	0.098281	0.211500	0.000000	0.000000	0.000000	0.000000	161.000000	478410.000000	15.000000	0.000000	3144000.000000	1.000000	1.000000	1.000000	0.000000
normal	lossmod	classil	adam	step_norm	live	42	0.900276	0.094796	0.211500	0.000000	0.000000	0.000004	0.000000	1.000000	478410.000000	15.000000	0.000000	3144000.000000	1.000000	1.000000	1.000000	0.000000
normal	lossmod	classil	adam	state01	live	42	0.905067	0.089492	0.623500	0.000000	0.000000	0.012831	0.026439	0.000000	478410.000000	30.000000	0.000100	3144000.000000	2.000000	1.000000	1.000000	0.000000
normal	wdecay	classil	sgd	act_frac	live	42	0.919368	0.064202	0.304000	0.110946	0.119697	0.218950	0.032212	0.000000	478410.000000	1620.000000	0.003400	3144000.000000	2.000000	1.000000	1.000000	0.000000
normal	wdecay	classil	sgd	act_norm	live	42	0.916888	0.068380	0.425700	0.232256	0.262610	0.502350	0.220674	0.000000	478410.000000	1620.000000	0.003400	3144000.000000	2.000000	1.000000	1.000000	0.000000
normal	wdecay	classil	sgd	act_entropy	live	42	0.916340	0.068941	0.321200	0.127901	0.144168	0.260009	0.011762	0.000000	478410.000000	1620.000000	0.003400	3144000.000000	2.000000	1.000000	1.000000	0.000000
normal	wdecay	classil	sgd	act_pr	live	42	0.923439	0.059620	0.312300	0.086506	0.092089	0.165731	0.031371	0.000000	478410.000000	1620.000000	0.003400	3144000.000000	2.000000	1.000000	1.000000	0.000000
normal	wdecay	classil	sgd	w_fro	live	42	0.914909	0.069579	0.211500	0.025929	0.025657	0.039543	0.000000	0.000000	478410.000000	2430.000000	0.005100	3144000.000000	1.000000	1.000000	1.000000	0.000000
normal	wdecay	classil	sgd	w_l1	live	42	0.913161	0.071630	0.211500	0.021439	0.021161	0.031723	0.000000	0.000000	478410.000000	2430.000000	0.005100	3144000.000000	1.000000	1.000000	1.000000	0.000000
normal	wdecay	classil	sgd	w_absmean	live	42	0.913261	0.071529	0.211500	0.021454	0.021176	0.031713	0.000000	0.000000	478410.000000	2430.000000	0.005100	3144000.000000	1.000000	1.000000	1.000000	0.000000
normal	wdecay	classil	sgd	w_absmax	live	42	0.923183	0.060087	0.211500	0.086435	0.088333	0.162449	0.000000	0.000000	478410.000000	2430.000000	0.005100	3144000.000000	1.000000	1.000000	1.000000	0.000000
normal	wdecay	classil	sgd	grad_norm	live	42	0.902462	0.083562	0.211500	0.000000	0.000000	0.000000	0.000000	160.000000	478410.000000	810.000000	0.001700	3144000.000000	1.000000	1.000000	1.000000	0.000000
normal	wdecay	classil	sgd	grad_norm_layer	live	42	0.903498	0.082425	0.211500	0.000000	0.000000	0.000000	0.000000	160.000000	478410.000000	2430.000000	0.005100	3144000.000000	1.000000	1.000000	1.000000	0.000000
normal	wdecay	classil	sgd	grad_weight_ratio	live	42	0.917307	0.067178	0.211500	0.000000	0.000000	0.000000	0.000000	160.000000	478410.000000	2430.000000	0.005100	3144000.000000	1.000000	1.000000	1.000000	0.000000
normal	wdecay	classil	sgd	step_norm	live	42	0.903303	0.082522	0.211500	0.000018	0.000017	0.000020	0.000000	1.000000	478410.000000	2430.000000	0.005100	3144000.000000	1.000000	1.000000	1.000000	0.000000
normal	wdecay	classil	sgd	state01	live	42	0.916495	0.070508	0.513000	0.156920	0.186766	0.341592	0.025102	0.000000	478410.000000	4860.000000	0.010200	3144000.000000	2.000000	1.000000	1.000000	0.000000
budget	gain	taskil	adam	er	base	42	0.991416	0.007077	nan	0.000000	0.000000	0.000000	0.000000	0.000000	478410.000000	0.000000	0.000000	628800.000000	1.000000	1.000000	1.000000	0.000000
budget	gain	taskil	adam	act_frac	live	42	0.993415	0.005090	0.428500	0.052164	0.049435	0.078447	0.036280	0.000000	478410.000000	1620.000000	0.003400	628800.000000	2.000000	1.000000	2.000000	0.000000
budget	gain	taskil	adam	act_norm	live	42	0.990887	0.007416	0.295800	0.201518	0.174186	0.224799	0.302238	0.000000	478410.000000	1620.000000	0.003400	628800.000000	2.000000	1.000000	2.000000	0.000000
budget	gain	taskil	adam	act_entropy	live	42	0.991192	0.006808	0.388200	0.100874	0.102237	0.120259	0.018691	0.000000	478410.000000	1620.000000	0.003400	628800.000000	2.000000	1.000000	2.000000	0.000000
budget	gain	taskil	adam	act_pr	live	42	0.993835	0.004566	0.357000	0.032801	0.030272	0.049173	0.029003	0.000000	478410.000000	1620.000000	0.003400	628800.000000	2.000000	1.000000	2.000000	0.000000
budget	gain	taskil	adam	w_fro	live	42	0.992743	0.005753	0.211500	0.008954	0.009030	0.013473	0.000000	0.000000	478410.000000	2430.000000	0.005100	628800.000000	1.000000	1.000000	1.000000	0.000000
budget	gain	taskil	adam	w_l1	live	42	0.990992	0.007411	0.211500	0.006771	0.006824	0.009862	0.000000	0.000000	478410.000000	2430.000000	0.005100	628800.000000	1.000000	1.000000	1.000000	0.000000
budget	gain	taskil	adam	w_absmean	live	42	0.989788	0.008515	0.211500	0.006924	0.006833	0.010714	0.000000	0.000000	478410.000000	2430.000000	0.005100	628800.000000	1.000000	1.000000	1.000000	0.000000
budget	gain	taskil	adam	w_absmax	live	42	0.992148	0.005853	0.211500	0.063032	0.064135	0.123667	0.000000	0.000000	478410.000000	2430.000000	0.005100	628800.000000	1.000000	1.000000	1.000000	0.000000
budget	gain	taskil	adam	grad_norm	live	42	0.992870	0.005631	0.211500	0.000000	0.000000	0.000000	0.000000	161.000000	478410.000000	810.000000	0.001700	628800.000000	1.000000	1.000000	1.000000	0.000000
budget	gain	taskil	adam	grad_norm_layer	live	42	0.993215	0.005189	0.211500	0.000000	0.000000	0.000000	0.000000	161.000000	478410.000000	2430.000000	0.005100	628800.000000	1.000000	1.000000	1.000000	0.000000
budget	gain	taskil	adam	grad_weight_ratio	live	42	0.990097	0.008210	0.211500	0.000000	0.000000	0.000000	0.000000	161.000000	478410.000000	2430.000000	0.005100	628800.000000	1.000000	1.000000	1.000000	0.000000
budget	gain	taskil	adam	step_norm	live	42	0.992238	0.005870	0.211500	0.000000	0.000000	0.000000	0.000000	1.000000	478410.000000	2430.000000	0.005100	628800.000000	1.000000	1.000000	1.000000	0.000000
budget	gain	taskil	adam	state01	live	42	0.992495	0.006206	0.446900	0.159405	0.149073	0.174338	0.024278	0.000000	478410.000000	4860.000000	0.010200	628800.000000	2.000000	1.000000	2.000000	0.000000
budget	gain	taskil	adam	state01	dead	42	0.991416	0.007077	0.482500	0.000000	0.000000	0.000000	0.026182	0.000000	478410.000000	4860.000000	0.010200	628800.000000	2.000000	1.000000	2.000000	0.000000
