stage	driver	gran	nlr	seed	acc	forget	probe	a_h0	a_h1	a_out	acc_live
anchor	ach_ema	global	0.001	42	0.901872	0.085457	0.216600	0.116764	0.116764	0.116764	0.901872
anchor	ach_ema	neuron	0.001	42	0.901696	0.085324	0.214100	0.156764	0.094766	0.033848	0.901696
anchor	ach_ema	synapse	0.001	42	0.900961	0.085659	0.217800	0.031670	0.023959	0.037425	0.900961
deadchk	ach	global	0	42	0.993482	0.003228	0.211500	0.000000	0.000000	0.000000	0.993482
deadchk	ach	neuron	0	42	0.993482	0.003228	0.211500	0.000000	0.000000	0.000000	0.993482
deadchk	ach	synapse	0	42	0.993482	0.003228	0.211500	0.000000	0.000000	0.000000	0.993482
deadchk	vecproj	global	0	42	0.994133	0.003065	0.684700	0.000000	0.000000	0.000000	0.994133
deadchk	vecproj	neuron	0	42	0.994133	0.003065	0.684700	0.000000	0.000000	0.000000	0.994133
deadchk	vecproj	synapse	0	42	0.994133	0.003065	0.684700	0.000000	0.000000	0.000000	0.994133
base	er	-	0	42	0.994133	0.003065	nan	0.000000	0.000000	0.000000	0.994133
base	er	-	0	43	0.993422	0.003381	nan	0.000000	0.000000	0.000000	0.993422
base	er	-	0	44	0.992675	0.003739	nan	0.000000	0.000000	0.000000	0.992675
dead	ach	global	0	42	0.993482	0.003228	0.211500	0.000000	0.000000	0.000000	0.993482
dead	ach	global	0	43	0.993802	0.003384	0.211500	0.000000	0.000000	0.000000	0.993802
dead	ach	global	0	44	0.992387	0.003722	0.211500	0.000000	0.000000	0.000000	0.992387
dead	ach_ema	global	0	42	0.993482	0.003228	0.211500	0.000000	0.000000	0.000000	0.993482
dead	ach_ema	global	0	43	0.993802	0.003384	0.211500	0.000000	0.000000	0.000000	0.993802
dead	ach_ema	global	0	44	0.992387	0.003722	0.211500	0.000000	0.000000	0.000000	0.992387
dead	nerisez	global	0	42	0.993482	0.003228	0.211500	0.000000	0.000000	0.000000	0.993482
dead	nerisez	global	0	43	0.993802	0.003384	0.211500	0.000000	0.000000	0.000000	0.993802
dead	nerisez	global	0	44	0.992387	0.003722	0.211500	0.000000	0.000000	0.000000	0.992387
dead	vec_x	global	0	42	0.994133	0.003065	0.933500	0.000000	0.000000	0.000000	0.994133
dead	vec_x	global	0	43	0.993422	0.003381	0.933300	0.000000	0.000000	0.000000	0.993422
dead	vec_x	global	0	44	0.992675	0.003739	0.934400	0.000000	0.000000	0.000000	0.992675
dead	vecproj	global	0	42	0.994133	0.003065	0.684700	0.000000	0.000000	0.000000	0.994133
dead	vecproj	global	0	43	0.993422	0.003381	0.684700	0.000000	0.000000	0.000000	0.993422
dead	vecproj	global	0	44	0.992675	0.003739	0.684700	0.000000	0.000000	0.000000	0.992675
test	ach	global	0.001	42	0.993580	0.003130	0.392000	0.044449	0.044449	0.044449	0.993580
test	ach	global	0.001	43	0.993909	0.003277	0.379700	0.038233	0.038233	0.038233	0.993909
test	ach	global	0.001	44	0.992485	0.003725	0.381800	0.009608	0.009608	0.009608	0.992485
test	ach	neuron	0.001	42	0.993482	0.003228	0.391100	0.079318	0.066365	0.032750	0.993482
test	ach	neuron	0.001	43	0.993903	0.003381	0.381500	0.066489	0.057472	0.026858	0.993903
test	ach	neuron	0.001	44	0.992378	0.003929	0.374600	0.078625	0.037942	0.026150	0.992378
test	ach	synapse	0.001	42	0.993485	0.003326	0.397000	0.029725	0.022079	0.031894	0.993485
test	ach	synapse	0.001	43	0.993603	0.003583	0.371900	0.023976	0.018236	0.026303	0.993603
test	ach	synapse	0.001	44	0.992378	0.003828	0.385900	0.023804	0.015436	0.025975	0.992378
test	ach_ema	global	0.001	42	0.994476	0.002534	0.256900	0.788018	0.788018	0.788018	0.994476
test	ach_ema	global	0.001	43	0.993381	0.004300	0.219700	0.853276	0.853276	0.853276	0.993381
test	ach_ema	global	0.001	44	0.993603	0.003211	0.234100	0.773635	0.773635	0.773635	0.993603
test	ach_ema	neuron	0.001	42	0.993456	0.004046	0.252700	1.564051	0.411782	0.032090	0.993456
test	ach_ema	neuron	0.001	43	0.993559	0.003926	0.243100	1.631537	0.546814	0.040897	0.993559
test	ach_ema	neuron	0.001	44	0.992779	0.003935	0.236700	1.542023	0.434221	0.037103	0.992779
test	ach_ema	synapse	0.001	42	0.993782	0.003522	0.254300	0.273950	0.109738	0.070623	0.993782
test	ach_ema	synapse	0.001	43	0.993704	0.003672	0.222900	0.306044	0.132945	0.080263	0.993704
test	ach_ema	synapse	0.001	44	0.992168	0.004243	0.226400	0.277451	0.113027	0.079703	0.992168
test	nerisez	global	0.001	42	0.993877	0.002834	0.323600	0.061137	0.061137	0.061137	0.993877
test	nerisez	global	0.001	43	0.993396	0.004089	0.327200	0.109884	0.109884	0.109884	0.993396
test	nerisez	global	0.001	44	0.993081	0.003425	0.336000	0.090070	0.090070	0.090070	0.993081
test	nerisez	neuron	0.001	42	0.994798	0.002013	0.315500	0.253232	0.076253	0.023511	0.994798
test	nerisez	neuron	0.001	43	0.994277	0.002906	0.321900	0.363263	0.123675	0.030126	0.994277
test	nerisez	neuron	0.001	44	0.992301	0.004412	0.301200	0.369568	0.140261	0.025202	0.992301
test	nerisez	synapse	0.001	42	0.993782	0.002929	0.323700	0.038743	0.014674	0.013767	0.993782
test	nerisez	synapse	0.001	43	0.993698	0.003479	0.342600	0.066722	0.025024	0.023446	0.993698
test	nerisez	synapse	0.001	44	0.992479	0.004033	0.324800	0.054734	0.022312	0.018537	0.992479
test	vec_x	global	0.001	42	0.993341	0.003949	0.933500	inf	inf	inf	0.993341
test	vec_x	global	0.001	43	0.993304	0.003402	0.933300	inf	inf	inf	0.993304
test	vec_x	global	0.001	44	0.991410	0.004995	0.934400	inf	inf	inf	0.991410
test	vec_x	neuron	0.001	42	0.989412	0.006688	0.933500	inf	inf	inf	0.989412
test	vec_x	neuron	0.001	43	0.988033	0.008482	0.933300	inf	inf	inf	0.988033
test	vec_x	neuron	0.001	44	0.989065	0.004935	0.934400	inf	inf	inf	0.989065
test	vecproj	global	0.001	42	0.994329	0.002872	0.684700	0.194851	0.194851	0.194851	0.994329
test	vecproj	global	0.001	43	0.993425	0.003379	0.684700	0.208261	0.208261	0.208261	0.993425
test	vecproj	global	0.001	44	0.992975	0.003641	0.684700	0.145384	0.145384	0.145384	0.992975
test	vecproj	neuron	0.001	42	0.994029	0.003071	0.684700	0.246635	0.204244	0.103736	0.994029
test	vecproj	neuron	0.001	43	0.993327	0.003269	0.684700	0.296883	0.227531	0.109189	0.993327
test	vecproj	neuron	0.001	44	0.993078	0.003638	0.684700	0.275744	0.196581	0.101808	0.993078
test	vecproj	synapse	0.001	42	0.994035	0.003165	0.684700	0.049705	0.052530	0.101678	0.994035
test	vecproj	synapse	0.001	43	0.993321	0.003479	0.684700	0.051786	0.053319	0.100222	0.993321
test	vecproj	synapse	0.001	44	0.992776	0.003739	0.684700	0.055943	0.054008	0.102382	0.992776
