stage	cell	opt	lr	ep	lam	nlr	seed	acc	forget
tune_main	naive	sgd	0.001	5	-	-	42	0.970786	0.002091
tune_main	naive	sgd	0.001	10	-	-	42	0.976713	0.003196
tune_main	naive	sgd	0.001	20	-	-	42	0.974570	0.008770
tune_main	naive	sgd	0.003	5	-	-	42	0.976079	0.006066
tune_main	naive	sgd	0.003	10	-	-	42	0.961578	0.024428
tune_main	naive	sgd	0.003	20	-	-	42	0.944730	0.045996
tune_main	naive	sgd	0.01	5	-	-	42	0.944856	0.043670
tune_main	naive	sgd	0.01	10	-	-	42	0.934847	0.056871
tune_main	naive	sgd	0.01	20	-	-	42	0.937399	0.056325
tune_main	naive	sgd	0.03	5	-	-	42	0.932617	0.058919
tune_main	naive	sgd	0.03	10	-	-	42	0.933473	0.060598
tune_main	naive	sgd	0.03	20	-	-	42	0.933215	0.061700
tune_main	naive	sgd	0.1	5	-	-	42	0.933202	0.061393
tune_main	naive	sgd	0.1	10	-	-	42	0.933210	0.062561
tune_main	naive	sgd	0.1	20	-	-	42	0.906516	0.089086
tune_main	er	sgd	0.001	5	-	-	42	0.968701	0.000000
tune_main	er	sgd	0.001	10	-	-	42	0.979153	0.000000
tune_main	er	sgd	0.001	20	-	-	42	0.982849	0.000827
tune_main	er	sgd	0.003	5	-	-	42	0.979512	0.001316
tune_main	er	sgd	0.003	10	-	-	42	0.984023	0.000508
tune_main	naive_unmasked	sgd	0.001	5	-	-	42	0.966286	0.008145
tune_main	naive_unmasked	sgd	0.001	10	-	-	42	0.975535	0.004170
tune_main	naive_unmasked	sgd	0.001	20	-	-	42	0.977495	0.005631
tune_main	naive_unmasked	sgd	0.003	5	-	-	42	0.977619	0.003963
tune_main	naive_unmasked	sgd	0.003	10	-	-	42	0.974765	0.011071
tune_main	naive_unmasked	sgd	0.003	20	-	-	42	0.968487	0.021074
tune_main	naive_unmasked	sgd	0.01	5	-	-	42	0.970185	0.017841
tune_main	naive_unmasked	sgd	0.01	10	-	-	42	0.966933	0.024443
tune_main	naive_unmasked	sgd	0.01	20	-	-	42	0.966599	0.027114
tune_main	naive_unmasked	sgd	0.03	5	-	-	42	0.963553	0.028155
tune_main	naive_unmasked	sgd	0.03	10	-	-	42	0.964750	0.028628
tune_main	naive_unmasked	sgd	0.03	20	-	-	42	0.964835	0.029721
tune_main	naive_unmasked	sgd	0.1	5	-	-	42	0.707626	0.286450
tune_main	naive_unmasked	sgd	0.1	10	-	-	42	0.776497	0.219275
tune_main	naive_unmasked	sgd	0.1	20	-	-	42	0.855434	0.141511
tune_main	er	sgd	0.003	20	-	-	42	0.984511	0.002374
tune_main	er	sgd	0.01	5	-	-	42	0.984687	0.002199
tune_main	er	sgd	0.01	10	-	-	42	0.987192	0.002365
tune_main	er	sgd	0.01	20	-	-	42	0.986497	0.005234
tune_main	er	sgd	0.03	5	-	-	42	0.987488	0.003225
tune_main	er	sgd	0.03	10	-	-	42	0.990708	0.002511
tune_main	er	sgd	0.03	20	-	-	42	0.988877	0.006231
tune_main	er	sgd	0.1	5	-	-	42	0.990919	0.002676
tune_main	er	sgd	0.1	10	-	-	42	0.991396	0.003673
tune_main	er	sgd	0.1	20	-	-	42	0.989898	0.005178
tune_main	er	sgd	0.3	5	-	-	42	0.990230	0.005200
tune_main	er	sgd	0.3	10	-	-	42	0.990068	0.006045
tune_main	er	sgd	0.3	20	-	-	42	0.988212	0.007723
tune_main	er	sgd	1	5	-	-	42	0.092733	0.000000
tune_main	er	sgd	1	10	-	-	42	0.092733	0.000000
tune_main	er	sgd	1	20	-	-	42	0.092733	0.000000
tune_lam	ewc	sgd	0.003	5	0.1	-	42	0.976245	0.006066
tune_lam	ewc	sgd	0.003	5	1	-	42	0.976414	0.005896
tune_lam	ewc	sgd	0.003	5	10	-	42	0.976596	0.005892
tune_lam	ewc	sgd	0.003	5	100	-	42	0.976859	0.004915
tune_lam	ewc	sgd	0.003	5	1000	-	42	0.092733	0.302885
tune_lam	ewc_er	sgd	0.1	5	0.1	-	42	0.992087	0.001868
tune_lam	ewc_er	sgd	0.1	5	1	-	42	0.990935	0.003023
tune_lam	ewc_er	sgd	0.1	5	10	-	42	0.092733	0.306399
tune_lam	ewc_er	sgd	0.1	5	100	-	42	0.092733	0.305885
tune_lam	ewc_er	sgd	0.1	5	1000	-	42	0.092733	0.198757
tune_neuro	plast-neuron	sgd	0.003	5	-	0.0001	42	0.974405	0.002260
tune_neuro	plast-neuron	sgd	0.003	5	-	0.0003	42	0.974574	0.002426
tune_neuro	plast-neuron	sgd	0.003	5	-	0.001	42	0.974787	0.003556
tune_neuro	plast-neuron	sgd	0.003	5	-	0.003	42	0.975866	0.005056
tune_neuro	plast-neuron	sgd	0.003	5	-	0.01	42	0.976071	0.005549
tune_neuro	plast-synapse	sgd	0.003	5	-	0.0001	42	0.977186	0.002014
tune_neuro	plast-synapse	sgd	0.003	5	-	0.0003	42	0.976700	0.002519
tune_neuro	plast-synapse	sgd	0.003	5	-	0.001	42	0.976543	0.003188
tune_neuro	plast-synapse	sgd	0.003	5	-	0.003	42	0.976211	0.004029
tune_neuro	plast-synapse	sgd	0.003	5	-	0.01	42	0.975916	0.005026
test	naive	sgd	0.003	5	-	-	42	0.980286	0.004972
test	naive	sgd	0.003	5	-	-	43	0.976374	0.008018
test	naive	sgd	0.003	5	-	-	44	0.978583	0.005347
test	naive_unmasked	sgd	0.003	5	-	-	42	0.978855	0.006015
test	naive_unmasked	sgd	0.003	5	-	-	43	0.978796	0.005127
test	naive_unmasked	sgd	0.003	5	-	-	44	0.972931	0.012037
test	er	sgd	0.1	5	-	-	42	0.995201	0.001921
test	er	sgd	0.1	5	-	-	43	0.994125	0.002681
test	er	sgd	0.1	5	-	-	44	0.994591	0.002321
test	ewc	sgd	0.003	5	100	-	42	0.983351	0.001590
test	ewc	sgd	0.003	5	100	-	43	0.980574	0.003398
test	ewc	sgd	0.003	5	100	-	44	0.982240	0.002182
test	ewc_er	sgd	0.1	5	0.1	-	42	0.993712	0.002995
test	ewc_er	sgd	0.1	5	0.1	-	43	0.992722	0.004072
test	ewc_er	sgd	0.1	5	0.1	-	44	0.994419	0.003066
test	dead-neuron	sgd	0.003	5	-	-	42	0.980286	0.004972
test	dead-neuron	sgd	0.003	5	-	-	43	0.976374	0.008018
test	dead-neuron	sgd	0.003	5	-	-	44	0.978583	0.005347
test	plast-neuron	sgd	0.003	5	-	0.01	42	0.979672	0.004958
test	plast-neuron	sgd	0.003	5	-	0.01	43	0.975181	0.008811
test	plast-neuron	sgd	0.003	5	-	0.01	44	0.978690	0.005133
test	dead-synapse	sgd	0.003	5	-	-	42	0.980286	0.004972
test	dead-synapse	sgd	0.003	5	-	-	43	0.976374	0.008018
test	dead-synapse	sgd	0.003	5	-	-	44	0.978583	0.005347
test	plast-synapse	sgd	0.003	5	-	0.0001	42	0.978673	0.003830
test	plast-synapse	sgd	0.003	5	-	0.0001	43	0.974492	0.006999
test	plast-synapse	sgd	0.003	5	-	0.0001	44	0.976898	0.005395
test	ewc	sgd	0.003	5	0	-	42	0.980790	0.004964
test	ewc	sgd	0.003	5	0	-	43	0.976576	0.008015
test	ewc	sgd	0.003	5	0	-	44	0.978479	0.005142
tune_neuro	plast-nobuf-neuron	sgd	0.003	5	-	0.0001	42	0.974405	0.002260
tune_neuro	plast-nobuf-neuron	sgd	0.003	5	-	0.0003	42	0.974574	0.002426
tune_neuro	plast-nobuf-neuron	sgd	0.003	5	-	0.001	42	0.974795	0.003370
tune_neuro	plast-nobuf-neuron	sgd	0.003	5	-	0.003	42	0.975708	0.005214
tune_neuro	plast-nobuf-neuron	sgd	0.003	5	-	0.01	42	0.976071	0.005549
tune_neuro	plast-nobuf-synapse	sgd	0.003	5	-	0.0001	42	0.977016	0.002183
tune_neuro	plast-nobuf-synapse	sgd	0.003	5	-	0.0003	42	0.976700	0.002684
tune_neuro	plast-nobuf-synapse	sgd	0.003	5	-	0.001	42	0.976382	0.003697
tune_neuro	plast-nobuf-synapse	sgd	0.003	5	-	0.003	42	0.976047	0.004540
tune_neuro	plast-nobuf-synapse	sgd	0.003	5	-	0.01	42	0.975917	0.005203
tune_neuro	plast-ercur-neuron	sgd	0.1	5	-	0.0001	42	0.987836	0.003875
tune_neuro	plast-ercur-neuron	sgd	0.1	5	-	0.0003	42	0.988336	0.003374
tune_neuro	plast-ercur-neuron	sgd	0.1	5	-	0.001	42	0.989034	0.003346
tune_neuro	plast-ercur-neuron	sgd	0.1	5	-	0.003	42	0.989873	0.003031
tune_neuro	plast-ercur-neuron	sgd	0.1	5	-	0.01	42	0.990382	0.003031
tune_neuro	plast-ercur-synapse	sgd	0.1	5	-	0.0001	42	0.989530	0.003378
tune_neuro	plast-ercur-synapse	sgd	0.1	5	-	0.0003	42	0.989361	0.003548
tune_neuro	plast-ercur-synapse	sgd	0.1	5	-	0.001	42	0.989696	0.003382
tune_neuro	plast-ercur-synapse	sgd	0.1	5	-	0.003	42	0.990039	0.003205
tune_neuro	plast-ercur-synapse	sgd	0.1	5	-	0.01	42	0.990398	0.002680
tune_neuro	plast-erown-neuron	sgd	0.1	5	-	0.0001	42	0.987836	0.003875
tune_neuro	plast-erown-neuron	sgd	0.1	5	-	0.0003	42	0.988336	0.003374
tune_neuro	plast-erown-neuron	sgd	0.1	5	-	0.001	42	0.988501	0.003879
tune_neuro	plast-erown-neuron	sgd	0.1	5	-	0.003	42	0.989696	0.003213
tune_neuro	plast-erown-neuron	sgd	0.1	5	-	0.01	42	0.990043	0.003370
tune_neuro	plast-erown-synapse	sgd	0.1	5	-	0.0001	42	0.989361	0.003548
tune_neuro	plast-erown-synapse	sgd	0.1	5	-	0.0003	42	0.989361	0.003717
tune_neuro	plast-erown-synapse	sgd	0.1	5	-	0.001	42	0.989700	0.003378
tune_neuro	plast-erown-synapse	sgd	0.1	5	-	0.003	42	0.989692	0.003382
tune_neuro	plast-erown-synapse	sgd	0.1	5	-	0.01	42	0.990233	0.002841
test	dead-nobuf-neuron	sgd	0.003	5	-	-	42	0.980286	0.004972
test	dead-nobuf-neuron	sgd	0.003	5	-	-	43	0.976374	0.008018
test	dead-nobuf-neuron	sgd	0.003	5	-	-	44	0.978583	0.005347
test	plast-nobuf-neuron	sgd	0.003	5	-	0.01	42	0.979672	0.005064
test	plast-nobuf-neuron	sgd	0.003	5	-	0.01	43	0.975276	0.008716
test	plast-nobuf-neuron	sgd	0.003	5	-	0.01	44	0.978690	0.005133
test	dead-nobuf-synapse	sgd	0.003	5	-	-	42	0.980286	0.004972
test	dead-nobuf-synapse	sgd	0.003	5	-	-	43	0.976374	0.008018
test	dead-nobuf-synapse	sgd	0.003	5	-	-	44	0.978583	0.005347
test	plast-nobuf-synapse	sgd	0.003	5	-	0.0001	42	0.978575	0.003928
test	plast-nobuf-synapse	sgd	0.003	5	-	0.0001	43	0.974492	0.006999
test	plast-nobuf-synapse	sgd	0.003	5	-	0.0001	44	0.976999	0.005395
test	plast-bufown-neuron	sgd	0.003	5	-	0.01	42	0.979672	0.004958
test	plast-bufown-neuron	sgd	0.003	5	-	0.01	43	0.975181	0.008811
test	plast-bufown-neuron	sgd	0.003	5	-	0.01	44	0.978690	0.005133
test	plast-bufown-synapse	sgd	0.003	5	-	0.0001	42	0.978673	0.003830
test	plast-bufown-synapse	sgd	0.003	5	-	0.0001	43	0.974492	0.006999
test	plast-bufown-synapse	sgd	0.003	5	-	0.0001	44	0.976898	0.005395
test	dead-ercur-neuron	sgd	0.1	5	-	-	42	0.995003	0.002120
test	dead-ercur-neuron	sgd	0.1	5	-	-	43	0.994125	0.002782
test	dead-ercur-neuron	sgd	0.1	5	-	-	44	0.994787	0.002324
test	plast-ercur-neuron	sgd	0.1	5	-	0.01	42	0.993504	0.002604
test	plast-ercur-neuron	sgd	0.1	5	-	0.01	43	0.993116	0.003186
test	plast-ercur-neuron	sgd	0.1	5	-	0.01	44	0.994201	0.002604
test	dead-ercur-synapse	sgd	0.1	5	-	-	42	0.994994	0.002129
test	dead-ercur-synapse	sgd	0.1	5	-	-	43	0.994027	0.002978
test	dead-ercur-synapse	sgd	0.1	5	-	-	44	0.994689	0.002321
test	plast-ercur-synapse	sgd	0.1	5	-	0.01	42	0.994602	0.001910
test	plast-ercur-synapse	sgd	0.1	5	-	0.01	43	0.993623	0.002981
test	plast-ercur-synapse	sgd	0.1	5	-	0.01	44	0.994285	0.002529
test	dead-erown-neuron	sgd	0.1	5	-	-	42	0.994905	0.002117
test	dead-erown-neuron	sgd	0.1	5	-	-	43	0.994330	0.002577
test	dead-erown-neuron	sgd	0.1	5	-	-	44	0.994689	0.002422
test	plast-erown-neuron	sgd	0.1	5	-	0.01	42	0.993504	0.002705
test	plast-erown-neuron	sgd	0.1	5	-	0.01	43	0.993502	0.002907
test	plast-erown-neuron	sgd	0.1	5	-	0.01	44	0.994400	0.002406
test	dead-erown-synapse	sgd	0.1	5	-	-	42	0.994994	0.002129
test	dead-erown-synapse	sgd	0.1	5	-	-	43	0.993920	0.003085
test	dead-erown-synapse	sgd	0.1	5	-	-	44	0.994689	0.002422
test	plast-erown-synapse	sgd	0.1	5	-	0.01	42	0.994496	0.002117
test	plast-erown-synapse	sgd	0.1	5	-	0.01	43	0.993736	0.002768
test	plast-erown-synapse	sgd	0.1	5	-	0.01	44	0.994591	0.002322
