400	42	naive	0.3900
400	42	er	0.8946
400	42	er+free	0.8760	0.212	0.0000	0.0000	0.0000
400	42	er+all4	0.8816	0.462	0.0164	0.0358	0.0454
400	43	naive	0.3836
400	43	er	0.8984
400	43	er+free	0.8927	0.212	0.0000	0.0000	0.0000
400	43	er+all4	0.8917	0.447	0.0076	0.0126	0.0235
400	44	naive	0.3968
400	44	er	0.8792
400	44	er+free	0.8983	0.212	0.0000	0.0000	0.0000
400	44	er+all4	0.8994	0.509	0.0189	0.0299	0.0305
200	42	naive	0.3410
200	42	er	0.8811
200	42	er+free	0.8802	0.212	0.0000	0.0000	0.0000
200	42	er+all4	0.8747	0.441	0.0598	0.0799	0.1228
200	43	naive	0.4059
200	43	er	0.8886
200	43	er+free	0.8754	0.212	0.0000	0.0000	0.0000
200	43	er+all4	0.8840	0.459	0.0094	0.0176	0.0192
200	44	naive	0.4097
200	44	er	0.8877
200	44	er+free	0.8907	0.212	0.0000	0.0000	0.0000
200	44	er+all4	0.8785	0.421	0.0195	0.0385	0.0256
100	42	naive	0.3713
100	42	er	0.8884
100	42	er+free	0.8980	0.212	0.0000	0.0000	0.0000
100	42	er+all4	0.8943	0.417	0.0061	0.0118	0.0093
100	43	naive	0.3755
100	43	er	0.8838
100	43	er+free	0.8794	0.212	0.0000	0.0000	0.0000
100	43	er+all4	0.8919	0.483	0.0084	0.0141	0.0264
100	44	naive	0.3496
100	44	er	0.8735
100	44	er+free	0.8872	0.212	0.0000	0.0000	0.0000
100	44	er+all4	0.8983	0.412	0.0037	0.0074	0.0129
50	42	naive	0.2885
50	42	er	0.8874
50	42	er+free	0.8861	0.212	0.0000	0.0000	0.0000
50	42	er+all4	0.8901	0.433	0.0113	0.0205	0.0156
50	43	naive	0.4163
50	43	er	0.8760
50	43	er+free	0.8789	0.212	0.0000	0.0000	0.0000
50	43	er+all4	0.8885	0.405	0.0182	0.0216	0.0300
50	44	naive	0.3266
50	44	er	0.8878
50	44	er+free	0.8835	0.212	0.0000	0.0000	0.0000
50	44	er+all4	0.8840	0.407	0.0343	0.0527	0.0288
25	42	naive	0.1902
25	42	er	0.8449
25	42	er+free	0.8599	0.212	0.0000	0.0000	0.0000
25	42	er+all4	0.8629	0.394	0.0125	0.0243	0.0344
25	43	naive	0.2669
25	43	er	0.8739
25	43	er+free	0.8682	0.212	0.0000	0.0000	0.0000
25	43	er+all4	0.8793	0.499	0.0206	0.0362	0.0553
25	44	naive	0.2569
25	44	er	0.8612
25	44	er+free	0.8495	0.212	0.0000	0.0000	0.0000
25	44	er+all4	0.8688	0.350	0.0148	0.0289	0.0252
10	42	naive	0.2350
10	42	er	0.7958
10	42	er+free	0.8157	0.212	0.0000	0.0000	0.0000
10	42	er+all4	0.8157	0.374	0.0943	0.1334	0.0631
10	43	naive	0.1976
10	43	er	0.8383
10	43	er+free	0.8303	0.212	0.0000	0.0000	0.0000
10	43	er+all4	0.7983	0.468	0.1158	0.1425	0.0884
10	44	naive	0.1285
10	44	er	0.7908
10	44	er+free	0.8482	0.212	0.0000	0.0000	0.0000
10	44	er+all4	0.8293	0.391	0.0672	0.0889	0.0699
10	45	naive	0.1259
10	45	er	0.6188
10	45	er+free	0.8006	0.212	0.0000	0.0000	0.0000
10	45	er+all4	0.8117	0.346	0.0893	0.1434	0.0930
10	46	naive	0.1568
10	46	er	0.8266
10	46	er+free	0.7969	0.212	0.0000	0.0000	0.0000
10	46	er+all4	0.8368	0.347	0.0906	0.1181	0.0633
5	42	naive	0.0947
5	42	er	0.4547
5	42	er+free	0.4818	0.212	0.0000	0.0000	0.0000
5	42	er+all4	0.6238	0.509	0.1362	0.3085	0.2263
5	43	naive	0.2122
5	43	er	0.7651
5	43	er+free	0.6494	0.212	0.0000	0.0000	0.0000
5	43	er+all4	0.7124	0.551	0.4698	0.2660	0.5394
5	44	naive	0.2271
5	44	er	0.4420
5	44	er+free	0.6205	0.212	0.0000	0.0000	0.0000
5	44	er+all4	0.5348	0.464	0.1807	0.1492	0.1669
5	45	naive	0.1136
5	45	er	0.6744
5	45	er+free	0.7252	0.212	0.0000	0.0000	0.0000
5	45	er+all4	0.7749	0.525	0.4736	0.7245	0.1908
5	46	naive	0.1226
5	46	er	0.6702
5	46	er+free	0.6806	0.212	0.0000	0.0000	0.0000
5	46	er+all4	0.6987	0.494	0.0843	0.1278	0.1698
5	47	naive	0.2134
5	47	er	0.7450
5	47	er+free	0.7157	0.212	0.0000	0.0000	0.0000
5	47	er+all4	0.7532	0.457	0.0506	0.1984	0.1193
5	48	naive	0.1496
5	48	er	0.6288
5	48	er+free	0.5835	0.212	0.0000	0.0000	0.0000
5	48	er+all4	0.7201	0.445	0.1917	0.2421	0.1357
5	49	naive	0.2114
5	49	er	0.4802
5	49	er+free	0.5803	0.212	0.0000	0.0000	0.0000
5	49	er+all4	0.5909	0.520	0.1106	0.1591	0.2991
5	50	naive	0.3311
5	50	er	0.3128
5	50	er+free	0.7017	0.212	0.0000	0.0000	0.0000
5	50	er+all4	0.6477	0.385	0.1692	0.2206	0.2413
400	42	er+all4fix	0.8857	0.408	0.0648	0.0667	0.0708
400	42	er+ACh	0.8841	0.279	0.0020	0.0035	0.0105
400	42	er+AChfix	0.8945	0.279	0.0093	0.0095	0.0097
200	42	er+ACh	0.8937	0.278	0.0030	0.0044	0.0131
200	42	er+AChfix	0.9010	0.284	0.0086	0.0083	0.0056
200	42	er+all4fix	0.8740	0.577	0.3328	0.3263	0.4120
100	42	er+ACh	0.8950	0.274	0.0060	0.0104	0.0188
100	42	er+AChfix	0.8897	0.277	0.0144	0.0143	0.0094
100	42	er+all4fix	0.8689	0.408	0.4314	0.4297	0.3424
50	42	er+ACh	0.8765	0.282	0.0129	0.0171	0.0317
50	42	er+AChfix	0.8755	0.285	0.0180	0.0224	0.0188
50	42	er+all4fix	0.8765	0.497	0.0171	0.0191	0.0138
25	42	er+ACh	0.8709	0.276	0.0120	0.0309	0.0306
25	42	er+AChfix	0.8640	0.258	0.0194	0.0257	0.0326
25	42	er+all4fix	0.8643	0.439	0.0180	0.0181	0.0120
10	42	er+ACh	0.8364	0.247	0.0282	0.0591	0.0443
10	42	er+AChfix	0.8452	0.242	0.0358	0.0346	0.0474
10	42	er+all4fix	0.7265	0.426	0.0674	0.0686	0.0764
5	42	er+ACh	0.4723	0.259	0.0737	0.2718	0.0704
5	42	er+AChfix	0.3539	0.338	0.0330	0.0573	0.0424
5	42	er+all4fix	0.5447	0.541	0.0646	0.0992	0.0917
400	42	er+freefix	0.8789	0.449	0.2960	0.3153	0.2628
200	42	er+freefix	0.8796	0.362	0.0751	0.0746	0.0843
100	42	er+freefix	0.8893	0.480	0.3557	0.3256	0.2897
50	42	er+freefix	0.8895	0.490	0.2447	0.2943	0.2778
25	42	er+freefix	0.8510	0.412	0.0962	0.0952	0.0797
10	42	er+freefix	0.8310	0.601	0.4941	0.4262	0.4815
5	42	er+freefix	0.8156	0.704	1.2093	1.2187	1.5724
10	43	er+freefix	0.8304	0.549	0.8478	0.7579	0.6712
10	44	er+freefix	0.7885	0.683	0.7372	0.8737	1.2732
5	43	er+freefix	0.8245	0.774	2.1411	1.4685	1.1455
5	44	er+freefix	0.8209	0.707	1.8042	2.1627	2.0434
