regime	schedule	metric	arm	driver	gran	nlr	seed	split	acc	forget	probe	g_h0	g_h1	g_out	acc_live	backbone_params	extra_params	param_ratio	buffer_bytes	fwd_train	bwd_train	fwd_infer	bwd_infer
normal	step	classil	erown	er	-	0	42	test	0.903365	0.0809186	nan	0	0	0	0.903365	478410	0	0	3144000	1	1	1	0
normal	step	taskil	erown	er	-	0	42	test	0.994133	0.00306472	nan	0	0	0	0.994133	478410	0	0	3144000	1	1	1	0
normal	step	classil	erown	ach	global	1e-07	42	val	0.903639	0.0804223	0.206868	9.2343e-07	9.2343e-07	9.2343e-07	0.903639	478410	25154	0.0526	3144000	3	2	1	0
normal	step	classil	erown	ach	global	1e-06	42	val	0.890304	0.0952365	0.265878	0.000229006	0.000229006	0.000229006	0.890304	478410	25154	0.0526	3144000	3	2	1	0
normal	step	classil	erown	ach	global	1e-05	42	val	0.842809	0.145255	0.259377	6.1483e-05	6.1483e-05	6.1483e-05	0.842809	478410	25154	0.0526	3144000	3	2	1	0
normal	step	classil	erown	ach	global	0.0001	42	val	0.826429	0.160955	0.282714	4.74343e-05	4.74343e-05	4.74343e-05	0.826429	478410	25154	0.0526	3144000	3	2	1	0
normal	step	classil	erown	ach	global	0.001	42	val	0.815041	0.171519	0.241374	2.25373e-05	2.25373e-05	2.25373e-05	0.815041	478410	25154	0.0526	3144000	3	2	1	0
normal	step	classil	bufcur	ach	global	1e-07	42	val	0.621738	0.104392	0.205034	2.76628e-06	2.76628e-06	2.76628e-06	0.621738	478410	25154	0.0526	3144000	3	2	1	0
normal	step	classil	bufcur	ach	global	1e-06	42	val	0.400232	0.0254807	0.23704	0.00053621	0.00053621	0.00053621	0.400232	478410	25154	0.0526	3144000	3	2	1	0
normal	step	classil	bufcur	ach	global	1e-05	42	val	0.353918	0.00424133	0.346558	0.00120881	0.00120881	0.00120881	0.353918	478410	25154	0.0526	3144000	3	2	1	0
normal	step	classil	bufcur	ach	global	0.0001	42	val	0.404739	0.00905861	0.284547	0.000702022	0.000702022	0.000702022	0.404739	478410	25154	0.0526	3144000	3	2	1	0
normal	step	classil	bufcur	ach	global	0.001	42	val	0.108703	0.334437	0.252542	0.0664081	0.0664081	0.0664081	0.108703	478410	25154	0.0526	3144000	3	2	1	0
normal	step	taskil	erown	ach	global	1e-07	42	val	0.991423	0.00234848	0.205034	1.63109e-06	1.63109e-06	1.63109e-06	0.991423	478410	25154	0.0526	3144000	3	2	1	0
normal	step	taskil	erown	ach	global	1e-06	42	val	0.992246	0.0020217	0.273879	0.000480662	0.000480662	0.000480662	0.992246	478410	25154	0.0526	3144000	3	2	1	0
normal	step	taskil	erown	ach	global	1e-05	42	val	0.988381	0.0047234	0.251042	0.000160354	0.000160354	0.000160354	0.988381	478410	25154	0.0526	3144000	3	2	1	0
normal	step	taskil	erown	ach	global	0.0001	42	val	0.988225	0.00436208	0.375729	7.54688e-05	7.54688e-05	7.54688e-05	0.988225	478410	25154	0.0526	3144000	3	2	1	0
normal	step	taskil	erown	ach	global	0.001	42	val	0.988408	0.00467938	0.304551	0.000170223	0.000170223	0.000170223	0.988408	478410	25154	0.0526	3144000	3	2	1	0
normal	step	taskil	bufcur	ach	global	1e-07	42	val	0.976753	0.00555731	0.205701	2.24206e-06	2.24206e-06	2.24206e-06	0.976753	478410	25154	0.0526	3144000	3	2	1	0
normal	step	taskil	bufcur	ach	global	1e-06	42	val	0.982598	0.00152136	0.235539	0.000407839	0.000407839	0.000407839	0.982598	478410	25154	0.0526	3144000	3	2	1	0
normal	step	taskil	bufcur	ach	global	1e-05	42	val	0.984745	0.00406441	0.272545	0.000405871	0.000405871	0.000405871	0.984745	478410	25154	0.0526	3144000	3	2	1	0
normal	step	taskil	bufcur	ach	global	0.0001	42	val	0.985329	0.0020068	0.276546	0.000586128	0.000586128	0.000586128	0.985329	478410	25154	0.0526	3144000	3	2	1	0
normal	step	taskil	bufcur	ach	global	0.001	42	val	0.495624	0.303778	0.23904	0.149391	0.149391	0.149391	0.495624	478410	25154	0.0526	3144000	3	2	1	0
normal	boundary	classil	erown	ach	global	0.0001	42	val	0.892341	0.0920247	0.288048	0.00264516	0.00264516	0.00264516	0.892341	478410	25154	0.0526	3144000	3	2	1	0
normal	boundary	classil	erown	ach	global	0.001	42	val	0.894147	0.090382	0.301884	0.0266433	0.0266433	0.0266433	0.894147	478410	25154	0.0526	3144000	3	2	1	0
normal	boundary	classil	erown	ach	global	0.01	42	val	0.881829	0.104199	0.234372	0.0846072	0.0846072	0.0846072	0.881829	478410	25154	0.0526	3144000	3	2	1	0
normal	boundary	classil	erown	ach	global	0.1	42	val	0.850913	0.139796	0.211035	0.0464542	0.0464542	0.0464542	0.850913	478410	25154	0.0526	3144000	3	2	1	0
normal	boundary	classil	bufcur	ach	global	0.0001	42	val	0.611791	0.0746073	0.291549	0.0319288	0.0319288	0.0319288	0.611791	478410	25154	0.0526	3144000	3	2	1	0
normal	boundary	classil	bufcur	ach	global	0.001	42	val	0.468004	0.0252459	0.335056	0.0849197	0.0849197	0.0849197	0.468004	478410	25154	0.0526	3144000	3	2	1	0
normal	boundary	classil	bufcur	ach	global	0.01	42	val	0.378225	0.0126955	0.335723	0.0308594	0.0308594	0.0308594	0.378225	478410	25154	0.0526	3144000	3	2	1	0
normal	boundary	classil	bufcur	ach	global	0.1	42	val	0.399392	0.0169993	0.211035	0.0343995	0.0343995	0.0343995	0.399392	478410	25154	0.0526	3144000	3	2	1	0
normal	boundary	taskil	erown	ach	global	0.0001	42	val	0.990872	0.00372067	0.326554	0.0136316	0.0136316	0.0136316	0.990872	478410	25154	0.0526	3144000	3	2	1	0
normal	boundary	taskil	erown	ach	global	0.001	42	val	0.991877	0.00271592	0.320387	0.0750743	0.0750743	0.0750743	0.991877	478410	25154	0.0526	3144000	3	2	1	0
normal	boundary	taskil	erown	ach	global	0.01	42	val	0.992909	0.00151797	0.360393	0.149745	0.149745	0.149745	0.992909	478410	25154	0.0526	3144000	3	2	1	0
normal	boundary	taskil	erown	ach	global	0.1	42	val	0.99391	0.00101356	0.211035	0.187952	0.187952	0.187952	0.99391	478410	25154	0.0526	3144000	3	2	1	0
normal	boundary	taskil	bufcur	ach	global	0.0001	42	val	0.977435	0.0052224	0.284881	0.0179392	0.0179392	0.0179392	0.977435	478410	25154	0.0526	3144000	3	2	1	0
normal	boundary	taskil	bufcur	ach	global	0.001	42	val	0.97894	0.00437562	0.293049	0.0372965	0.0372965	0.0372965	0.97894	478410	25154	0.0526	3144000	3	2	1	0
normal	boundary	taskil	bufcur	ach	global	0.01	42	val	0.979393	0.0033817	0.314219	0.0149409	0.0149409	0.0149409	0.979393	478410	25154	0.0526	3144000	3	2	1	0
normal	boundary	taskil	bufcur	ach	global	0.1	42	val	0.980785	0.00235324	0.211035	0.0725483	0.0725483	0.0725483	0.980785	478410	25154	0.0526	3144000	3	2	1	0
normal	step	classil	erown	ach	global	1e-07	42	test	0.901247	0.0850729	0.2079	1.23166e-06	1.23166e-06	1.23166e-06	0.901247	478410	25154	0.0526	3144000	3	2	1	0
normal	step	classil	erown	ach	global	0	42	test	0.901467	0.0847521	0.2115	0	0	0	0.901467	478410	25154	0.0526	3144000	3	2	1	0
normal	step	classil	erown	ach	global	1e-07	43	test	0.892376	0.0943037	0.2284	1.19843e-06	1.19843e-06	1.19843e-06	0.892376	478410	25154	0.0526	3144000	3	2	1	0
normal	step	classil	erown	ach	global	0	43	test	0.892296	0.094384	0.2115	0	0	0	0.892296	478410	25154	0.0526	3144000	3	2	1	0
normal	step	classil	erown	ach	global	1e-07	44	test	0.896244	0.0897968	0.2493	1.20339e-06	1.20339e-06	1.20339e-06	0.896244	478410	25154	0.0526	3144000	3	2	1	0
normal	step	classil	erown	ach	global	0	44	test	0.896552	0.0895895	0.2115	0	0	0	0.896552	478410	25154	0.0526	3144000	3	2	1	0
normal	step	classil	bufcur	ach	global	1e-07	42	test	0.627548	0.123703	0.202	3.46977e-06	3.46977e-06	3.46977e-06	0.627548	478410	25154	0.0526	3144000	3	2	1	0
normal	step	classil	bufcur	ach	global	0	42	test	0.628038	0.125246	0.2115	0	0	0	0.628038	478410	25154	0.0526	3144000	3	2	1	0
normal	step	classil	bufcur	ach	global	1e-07	43	test	0.628438	0.139888	0.24	3.4179e-06	3.4179e-06	3.4179e-06	0.628438	478410	25154	0.0526	3144000	3	2	1	0
normal	step	classil	bufcur	ach	global	0	43	test	0.627123	0.142532	0.2115	0	0	0	0.627123	478410	25154	0.0526	3144000	3	2	1	0
normal	step	classil	bufcur	ach	global	1e-07	44	test	0.581252	0.125007	0.2528	3.57832e-06	3.57832e-06	3.57832e-06	0.581252	478410	25154	0.0526	3144000	3	2	1	0
normal	step	classil	bufcur	ach	global	0	44	test	0.581291	0.126586	0.2115	0	0	0	0.581291	478410	25154	0.0526	3144000	3	2	1	0
normal	step	taskil	erown	ach	global	1e-06	42	test	0.994621	0.00209547	0.2676	0.000396476	0.000396476	0.000396476	0.994621	478410	25154	0.0526	3144000	3	2	1	0
normal	step	taskil	erown	ach	global	0	42	test	0.993384	0.00322829	0.2115	0	0	0	0.993384	478410	25154	0.0526	3144000	3	2	1	0
normal	step	taskil	erown	ach	global	1e-06	43	test	0.994843	0.00274645	0.2747	0.000491277	0.000491277	0.000491277	0.994843	478410	25154	0.0526	3144000	3	2	1	0
normal	step	taskil	erown	ach	global	0	43	test	0.993701	0.00348461	0.2115	0	0	0	0.993701	478410	25154	0.0526	3144000	3	2	1	0
normal	step	taskil	erown	ach	global	1e-06	44	test	0.993511	0.00350543	0.2967	0.000451467	0.000451467	0.000451467	0.993511	478410	25154	0.0526	3144000	3	2	1	0
normal	step	taskil	erown	ach	global	0	44	test	0.992485	0.00352587	0.2115	0	0	0	0.992485	478410	25154	0.0526	3144000	3	2	1	0
normal	step	taskil	bufcur	ach	global	0.0001	42	test	0.98541	0.00088767	0.1876	0.000106864	0.000106864	0.000106864	0.98541	478410	25154	0.0526	3144000	3	2	1	0
normal	step	taskil	bufcur	ach	global	0	42	test	0.980496	0.00466104	0.2115	0	0	0	0.980496	478410	25154	0.0526	3144000	3	2	1	0
normal	step	taskil	bufcur	ach	global	0.0001	43	test	0.988586	0.000783546	0.2767	0.00110824	0.00110824	0.00110824	0.988586	478410	25154	0.0526	3144000	3	2	1	0
normal	step	taskil	bufcur	ach	global	0	43	test	0.97625	0.00815154	0.2115	0	0	0	0.97625	478410	25154	0.0526	3144000	3	2	1	0
normal	step	taskil	bufcur	ach	global	0.0001	44	test	0.985944	0.0017828	0.3264	9.51321e-05	9.51321e-05	9.51321e-05	0.985944	478410	25154	0.0526	3144000	3	2	1	0
normal	step	taskil	bufcur	ach	global	0	44	test	0.979076	0.00515644	0.2115	0	0	0	0.979076	478410	25154	0.0526	3144000	3	2	1	0
normal	boundary	classil	erown	ach	global	0.001	42	test	0.898762	0.0889575	0.2442	0.0313391	0.0313391	0.0313391	0.898762	478410	25154	0.0526	3144000	3	2	1	0
normal	boundary	classil	erown	ach	global	0	42	test	0.899623	0.087697	0.2115	0	0	0	0.899623	478410	25154	0.0526	3144000	3	2	1	0
normal	boundary	classil	erown	ach	global	0.001	43	test	0.887387	0.0992991	0.2467	0.0327748	0.0327748	0.0327748	0.887387	478410	25154	0.0526	3144000	3	2	1	0
normal	boundary	classil	erown	ach	global	0	43	test	0.887547	0.0988365	0.2115	0	0	0	0.887547	478410	25154	0.0526	3144000	3	2	1	0
normal	boundary	classil	erown	ach	global	0.001	44	test	0.894062	0.0928964	0.2274	0.0369813	0.0369813	0.0369813	0.894062	478410	25154	0.0526	3144000	3	2	1	0
normal	boundary	classil	erown	ach	global	0	44	test	0.894176	0.0926822	0.2115	0	0	0	0.894176	478410	25154	0.0526	3144000	3	2	1	0
normal	boundary	classil	bufcur	ach	global	0.0001	42	test	0.611562	0.0953101	0.2013	0.0371906	0.0371906	0.0371906	0.611562	478410	25154	0.0526	3144000	3	2	1	0
normal	boundary	classil	bufcur	ach	global	0	42	test	0.629521	0.123859	0.2115	0	0	0	0.629521	478410	25154	0.0526	3144000	3	2	1	0
normal	boundary	classil	bufcur	ach	global	0.0001	43	test	0.635488	0.0960206	0.2605	0.0356444	0.0356444	0.0356444	0.635488	478410	25154	0.0526	3144000	3	2	1	0
normal	boundary	classil	bufcur	ach	global	0	43	test	0.627644	0.142391	0.2115	0	0	0	0.627644	478410	25154	0.0526	3144000	3	2	1	0
normal	boundary	classil	bufcur	ach	global	0.0001	44	test	0.56654	0.0993646	0.2518	0.034461	0.034461	0.034461	0.56654	478410	25154	0.0526	3144000	3	2	1	0
normal	boundary	classil	bufcur	ach	global	0	44	test	0.580254	0.126591	0.2115	0	0	0	0.580254	478410	25154	0.0526	3144000	3	2	1	0
normal	boundary	taskil	erown	ach	global	0.1	42	test	0.995255	0.00225587	0.2115	0.388996	0.388996	0.388996	0.995255	478410	25154	0.0526	3144000	3	2	1	0
normal	boundary	taskil	erown	ach	global	0	42	test	0.995512	0.00200277	0.2115	0	0	0	0.995512	478410	25154	0.0526	3144000	3	2	1	0
normal	boundary	taskil	erown	ach	global	0.1	43	test	0.991065	0.00492259	0.2115	0.291337	0.291337	0.291337	0.991065	478410	25154	0.0526	3144000	3	2	1	0
normal	boundary	taskil	erown	ach	global	0	43	test	0.994468	0.00313022	0.2115	0	0	0	0.994468	478410	25154	0.0526	3144000	3	2	1	0
normal	boundary	taskil	erown	ach	global	0.1	44	test	0.995807	0.00140257	0.2115	0.229624	0.229624	0.229624	0.995807	478410	25154	0.0526	3144000	3	2	1	0
normal	boundary	taskil	erown	ach	global	0	44	test	0.994692	0.00251458	0.2115	0	0	0	0.994692	478410	25154	0.0526	3144000	3	2	1	0
normal	boundary	taskil	bufcur	ach	global	0.1	42	test	0.988212	0.000489716	0.2115	0.0588717	0.0588717	0.0588717	0.988212	478410	25154	0.0526	3144000	3	2	1	0
normal	boundary	taskil	bufcur	ach	global	0	42	test	0.980493	0.00486295	0.2115	0	0	0	0.980493	478410	25154	0.0526	3144000	3	2	1	0
normal	boundary	taskil	bufcur	ach	global	0.1	43	test	0.98293	0.00247995	0.2115	0.0955259	0.0955259	0.0955259	0.98293	478410	25154	0.0526	3144000	3	2	1	0
normal	boundary	taskil	bufcur	ach	global	0	43	test	0.976285	0.00831169	0.2115	0	0	0	0.976285	478410	25154	0.0526	3144000	3	2	1	0
normal	boundary	taskil	bufcur	ach	global	0.1	44	test	0.984378	0.00257163	0.2115	0.151006	0.151006	0.151006	0.984378	478410	25154	0.0526	3144000	3	2	1	0
normal	boundary	taskil	bufcur	ach	global	0	44	test	0.978871	0.00577094	0.2115	0	0	0	0.978871	478410	25154	0.0526	3144000	3	2	1	0
