regime	coef	nlr	seed	split	acc	forget	infer	c_sum	c_sd	c_err	w_mean	backbone_params	extra_params	param_ratio	buffer_bytes	fwd_train	bwd_train	fwd_infer	bwd_infer
normal	ones	0.001	42	test	0.903759	0.0912014	0.8699	5	0	1.02924	1	478410	101125	0.2114	3144000	2	2	1	0
normal	soft	0.0001	42	val	0.892707	0.101912	0.884147	1	0.245086	0.0506887	0.540338	478410	101125	0.2114	3144000	2	2	1	0
normal	soft	0.001	42	val	0.895136	0.0986432	0.880147	1	0.246068	0.0319163	0.544348	478410	101125	0.2114	3144000	2	2	1	0
normal	soft	0.01	42	val	0.903425	0.0916968	0.390398	1	0.244388	0.111965	0.535452	478410	101125	0.2114	3144000	2	2	1	0
normal	soft	0.001	42	test	0.881754	0.113505	0.8699	1	0.244549	0.0223648	0.552775	478410	101125	0.2114	3144000	2	2	1	0
normal	soft	0.001	43	test	0.891773	0.103714	0.876	1	0.245924	0.0279976	0.554119	478410	101125	0.2114	3144000	2	2	1	0
normal	soft	0.001	44	test	0.882034	0.113853	0.8759	1	0.240754	0.031058	0.546763	478410	101125	0.2114	3144000	2	2	1	0
normal	ema	0.001	42	test	0.893475	0.103507	0.8699	1	0.22783	0.180234	0.517771	478410	101125	0.2114	3144000	2	2	1	0
normal	ema	0.001	43	test	0.902141	0.0930751	0.876	1	0.22932	0.183802	0.519007	478410	101125	0.2114	3144000	2	2	1	0
normal	ema	0.001	44	test	0.885432	0.110061	0.8759	1	0.224224	0.185076	0.512096	478410	101125	0.2114	3144000	2	2	1	0
normal	dev	0.001	42	test	0.898017	0.0969491	0.8699	5	0.0804417	1.01097	1.035	478410	101125	0.2114	3144000	2	2	1	0
normal	dev	0.001	43	test	0.90712	0.0868101	0.876	5	0.0802672	1.01024	1.03511	478410	101125	0.2114	3144000	2	2	1	0
normal	dev	0.001	44	test	0.896903	0.0977744	0.8759	5	0.0796001	1.00154	1.03467	478410	101125	0.2114	3144000	2	2	1	0
normal	dev_norm	0.001	42	test	0.900732	0.0939227	0.8699	1	0.0160883	1.01097	0.207001	478410	101125	0.2114	3144000	2	2	1	0
normal	dev_norm	0.001	43	test	0.901823	0.0922193	0.876	1	0.0160534	1.01024	0.207022	478410	101125	0.2114	3144000	2	2	1	0
normal	dev_norm	0.001	44	test	0.896458	0.098617	0.8759	1	0.01592	1.00154	0.206933	478410	101125	0.2114	3144000	2	2	1	0
normal	truefrac	0.001	42	test	0.88785	0.10842	0.8699	1	0.244625	1.74561e-11	0.554478	478410	101125	0.2114	3144000	2	2	1	0
normal	truefrac	0.001	43	test	0.883739	0.111739	0.876	1	0.246077	1.9043e-11	0.556126	478410	101125	0.2114	3144000	2	2	1	0
normal	truefrac	0.001	44	test	0.875722	0.120568	0.8759	1	0.241392	2.22169e-11	0.549516	478410	101125	0.2114	3144000	2	2	1	0
normal	uniform	0.001	42	test	0.90252	0.0925339	0.8699	1	0.157354	0.423347	0.464235	478410	101125	0.2114	3144000	2	2	1	0
normal	uniform	0.001	43	test	0.900075	0.094087	0.876	1	0.157354	0.428084	0.464235	478410	101125	0.2114	3144000	2	2	1	0
normal	uniform	0.001	44	test	0.893103	0.102283	0.8759	1	0.157354	0.411343	0.464235	478410	101125	0.2114	3144000	2	2	1	0
normal	learned	0.001	42	test	0.900382	0.0941948	0.8699	1	0.0129559	1.06098	0.191324	478410	101125	0.2114	3144000	2	2	1	0
normal	learned	0.001	43	test	0.913535	0.0805372	0.876	1	0.0133728	1.06159	0.190999	478410	101125	0.2114	3144000	2	2	1	0
normal	learned	0.001	44	test	0.894316	0.101266	0.8759	1	0.0128781	1.05267	0.19116	478410	101125	0.2114	3144000	2	2	1	0
normal	ones	0.001	43	test	0.904572	0.0905886	0.876	5	0	1.02821	1	478410	101125	0.2114	3144000	2	2	1	0
normal	ones	0.001	44	test	0.889728	0.10605	0.8759	5	0	1.0201	1	478410	101125	0.2114	3144000	2	2	1	0
budget	soft	0.001	42	test	0.744246	0.252555	0.7432	1	0.24344	0.0189533	0.552984	478410	101125	0.2114	628800	2	2	1	0
budget	soft	0.001	43	test	0.753258	0.24284	0.6885	1	0.245505	0.0275393	0.553704	478410	101125	0.2114	628800	2	2	1	0
budget	soft	0.001	44	test	0.750601	0.246797	0.7129	1	0.241788	0.027709	0.548228	478410	101125	0.2114	628800	2	2	1	0
budget	ema	0.001	42	test	0.74321	0.253893	0.7432	1	0.226492	0.180938	0.5177	478410	101125	0.2114	628800	2	2	1	0
budget	ema	0.001	43	test	0.755886	0.241329	0.6885	1	0.228933	0.184336	0.51873	478410	101125	0.2114	628800	2	2	1	0
budget	ema	0.001	44	test	0.739977	0.257625	0.7129	1	0.225334	0.184872	0.513477	478410	101125	0.2114	628800	2	2	1	0
budget	dev	0.001	42	test	0.775354	0.220839	0.7432	5	0.0807064	1.01576	1.03528	478410	101125	0.2114	628800	2	2	1	0
budget	dev	0.001	43	test	0.770783	0.225205	0.6885	5	0.0799469	1.01074	1.03497	478410	101125	0.2114	628800	2	2	1	0
budget	dev	0.001	44	test	0.774943	0.220836	0.7129	5	0.0796925	1.00335	1.03475	478410	101125	0.2114	628800	2	2	1	0
budget	dev_norm	0.001	42	test	0.77859	0.218197	0.7432	1	0.0161413	1.01576	0.207057	478410	101125	0.2114	628800	2	2	1	0
budget	dev_norm	0.001	43	test	0.780181	0.215697	0.6885	1	0.0159894	1.01074	0.206995	478410	101125	0.2114	628800	2	2	1	0
budget	dev_norm	0.001	44	test	0.770395	0.226483	0.7129	1	0.0159385	1.00335	0.20695	478410	101125	0.2114	628800	2	2	1	0
budget	truefrac	0.001	42	test	0.736815	0.260484	0.7432	1	0.243696	0	0.554943	478410	101125	0.2114	628800	2	2	1	0
budget	truefrac	0.001	43	test	0.749637	0.247054	0.6885	1	0.245336	3.8086e-11	0.555712	478410	101125	0.2114	628800	2	2	1	0
budget	truefrac	0.001	44	test	0.734174	0.261906	0.7129	1	0.241883	1.9043e-11	0.55058	478410	101125	0.2114	628800	2	2	1	0
budget	uniform	0.001	42	test	0.778645	0.217942	0.7432	1	0.157354	0.422183	0.464235	478410	101125	0.2114	628800	2	2	1	0
budget	uniform	0.001	43	test	0.779114	0.216666	0.6885	1	0.157354	0.425812	0.464235	478410	101125	0.2114	628800	2	2	1	0
